Program Link,Program Name,Website,Name,ACGME Program Code,Program Director,PD Gender,Program Coordinator,PGY1,PGY2,PGY3,Region,Institutional Setting,Participates in ERAS,Program has Osteopathic Recognition,# of Residents Who Were Graduates of a Joint MD-PhD program,Categorical Positions,Categorical Positions Filled,Advanced Positions Offered,Advanced Positions Filled,# of Applicants:,II Rate,Interviews,Total Spots,Post II Odds,Spots/Apps,Alpha Omega Alpha (AOA),Gold Humanism Honor Society (GHHS),Sigma Sigma Phi (SSP)
/Program/GetById/289,Baylor College of Medicine Program,http://www.bcm.edu/dermatology,Baylor College of Medicine Program,804821087.0,Omid Jalali,M,Rose Ewing,4.0,4.0,4.0,West South Central,University Hospital,Yes,No,–,–,# of Positions Filled:,4,4,639.0,7.8,50,4.0,0.08,0.006259780908,0.67,0.06,0
/Program/GetById/220,Baylor University Medical Center Program,https://www.bswhealth.med/education/Pages/gme/dallas/dermatology-residency.aspx,Baylor University Medical Center Program,804813142.0,Dario Kivelevitch,M,Taylor Martinez,1.0,1.0,0.0,West South Central,Affiliated Hospital,Yes,No,–,–,# of Positions Filled:,2,2,0.0,–,#VALUE!,2.0,#VALUE!,#DIV/0!,–,–,–
/Program/GetById/258,Beaumont Health (Farmington Hills) Program,https://www.beaumont.edu/graduate-medical-education/residency-programs/dermatology/dermatology-residency-farmington-hills,Beaumont Health (Farmington Hills) Program,802500142.0,Lynn Sikorski,F,Kathleen Summers,2.0,2.0,2.0,East North Central,Community Hospital,Yes,Yes,–,2,2,–,# of Positions Filled:,331.0,7.3,24,2.0,0.08333333333,0.006042296073,–,–,–
/Program/GetById/275,Beaumont Health (Trenton) Program,http://www.beaumont.edu,Beaumont Health (Trenton) Program,802500145.0,Steven Grekin,M,Melissa Arthur,2.0,2.0,2.0,East North Central,Community Hospital,Yes,No,–,2,2,–,# of Positions Filled:,392.0,6.4,25,2.0,0.08,0.005102040816,–,–,–
/Program/GetById/227,Boston University Medical Center Program,https://www.bumc.bu.edu/derm/training-programs-overview/boston-medical-center-residency-program/,Boston University Medical Center Program,802421044.0,Lisa Shen,F,Tara Cusack,5.0,5.0,4.0,New England,University Hospital,Yes,No,–,–,# of Positions Filled:,5,5,626.0,10.4,65,5.0,0.07692307692,0.007987220447,0.44,0.2,0
/Program/GetById/188,Broward Health Program,https://gme.browardhealth.org/program-category/residency/program/dermatology,Broward Health Program,801100138.0,Carlos Nousari,M,Tanequa Dowdell,3.0,3.0,3.0,South Atlantic,Affiliated Hospital,Yes,No,–,–,# of Positions Filled:,3,3,515.0,14,72,3.0,0.04166666667,0.005825242718,0.31,0.13,0.13
/Program/GetById/212,Brown University Program,https://www.brown.edu/academics/medical/about/departments/dermatology/,Brown University Program,804321122.0,John Kawaoka,M,Erika Abou Kelila,4.0,5.0,6.0,New England,University Hospital,Yes,No,–,–,# of Positions Filled:,4,4,665.0,6.8,45,4.0,0.08888888889,0.006015037594,0.55,0.1,0
/Program/GetById/175,Campbell University Program,http://www.sampsonrmc.org,,,,,,,,,,,,,,,,,,,,0,,#DIV/0!,#DIV/0!,,,
/Program/GetById/182,Carilion Clinic-Virginia Tech Carilion School of Medicine Program,https://carilionclinic.org/dermatology-residency#about,Carilion Clinic-Virginia Tech Carilion School of Medicine Program,805100131.0,Mariana Phillips,F,Katelyn Dunbar,2.0,1.0,1.0,South Atlantic,Affiliated Hospital,Yes,No,–,–,# of Positions Filled:,2,2,461.0,6.5,30,2.0,0.06666666667,0.004338394794,–,–,–
/Program/GetById/217,Case Western Reserve University/University Hospitals Cleveland Medical Center Program,https://www.uhhospitals.org/services/dermatology-services/for-clinicians/clinical-education/dermatology-residency,Case Western Reserve University/University Hospitals Cleveland Medical Center Program,803821120.0,Timmie Sharma,M,Kristina Myers,6.0,6.0,6.0,East North Central,University Hospital,Yes,Yes,1,–,# of Positions Filled:,6,6,705.0,8.8,62,6.0,0.09677419355,0.008510638298,0.23,0.1,0.2
/Program/GetById/208,Cleveland Clinic Foundation Program,http://www.clevelandclinic.org/dermresidency,Cleveland Clinic Foundation Program,803812070.0,Alok Vij,M,Cheryl Williams,4.0,4.0,3.0,East North Central,Affiliated Hospital,Yes,No,–,4,4,–,# of Positions Filled:,673.0,7.1,48,4.0,0.08333333333,0.005943536404,0.45,0.3,0
/Program/GetById/209,Cook County Health and Hospitals System Program,https://cookcountyhealth.org/education-research/residency-programs/dermatology/,Cook County Health and Hospitals System Program,801612030.0,David Othman,M,Talath Ahmed,3.0,4.0,4.0,East North Central,Community Hospital,Yes,No,–,–,# of Positions Filled:,3,3,608.0,4.9,30,3.0,0.1,0.004934210526,0.12,0.24,0
/Program/GetById/203,Dartmouth-Hitchcock/Mary Hitchcock Memorial Hospital Program,https://gme.dartmouth-hitchcock.org/dermatology,Dartmouth-Hitchcock/Mary Hitchcock Memorial Hospital Program,803221053.0,Joi Carter,F,Kelly Rose,3.0,3.0,3.0,New England,University Hospital,Yes,No,–,–,# of Positions Filled:,3,3,584.0,6.8,40,3.0,0.075,0.005136986301,0.27,0,0
/Program/GetById/249,Dermatologists of Central States (DOCS) Program,https://www.mwdermatology.com/index.html,Dermatologists of Central States (DOCS) Program,802500001.0,David Altman,M,Patrice Robertson,0.0,0.0,0.0,East North Central,Not Available,–,No,–,–,# of Positions Filled:,–,# of Positions Filled:,0.0,–,#VALUE!,,#VALUE!,#DIV/0!,–,–,–
/Program/GetById/250,Duke University Hospital Program,https://dermatology.duke.edu/,Duke University Hospital Program,803621067.0,Erin Lesesky,F,Jessica Braddock,5.0,5.0,5.0,South Atlantic,University Hospital,Yes,No,2,–,# of Positions Filled:,6,6,731.0,6.8,50,6.0,0.12,0.008207934337,0.27,0.15,0
/Program/GetById/261,Eastern Virginia Medical School Program,http://www.evms.edu/education/centers_institutes_departments/dermatology/residency/,Eastern Virginia Medical School Program at Old Dominion University,805121130.0,Abby Van Voorhees,F,April McGuire,3.0,1.0,3.0,South Atlantic,Affiliated Hospital,Yes,No,–,–,# of Positions Filled:,2,2,579.0,6.4,37,2.0,0.05405405405,0.003454231434,0.25,0.08,0
/Program/GetById/205,Emory University School of Medicine Program,http://www.dermatology.emory.edu,Emory University School of Medicine Program,801221028.0,Jamie MacKelfresh,F,Catherine Thayer,7.0,6.0,7.0,South Atlantic,Not Available,Yes,No,1,–,# of Positions Filled:,6,6,766.0,–,#VALUE!,6.0,#VALUE!,0.007832898172,0.33,0.15,0
/Program/GetById/273,Geisinger Health System Program,https://www.geisinger.edu/education/residencies-fellowships/residencies/dermatology-residency,Geisinger Health System Program,804112076.0,Eric Hossler,M,Tammy Rodenhaver,4.0,4.0,4.0,Middle Atlantic,Community Hospital,Yes,No,–,–,# of Positions Filled:,4,4,601.0,6.7,40,4.0,0.1,0.006655574043,0.7,0.2,0
/Program/GetById/211,Hackensack University Medical Center (Palisades) Program,http://www.palisadesmedical.org/Content/106/dermatology-residency-program.html,Hackensack University Medical Center (Palisades) Program,803300129.0,Adriana Ros,F,Maria Pallarino,3.0,3.0,3.0,Middle Atlantic,Affiliated Hospital,Yes,No,–,–,# of Positions Filled:,3,3,488.0,6.1,30,3.0,0.1,0.006147540984,0.06,0,0.11
/Program/GetById/254,HCA Florida Healthcare/USF Morsani College of Medicine GME Largo Hospital Program,https://www.hcafloridahealthcare.com/for-medical-professionals/graduate-medical-education/largo-hospital/dermatology,HCA Florida Healthcare/USF Morsani College of Medicine GME Largo Hospital Program,801100139.0,Richard Miller,M,Jessica Biarnes,3.0,3.0,3.0,South Atlantic,Community Hospital,Yes,No,–,–,# of Positions Filled:,3,3,475.0,5.1,24,3.0,0.125,0.006315789474,0,0.13,0.4
/Program/GetById/270,HCA Florida Orange Park Hospital Program,https://orangeparkmedical.com/physicians/graduate-medical-education/dermatology/,HCA Florida Orange Park Hospital Program,801100140.0,Karthik Krishnamurthy,M,Leah Todd,3.0,3.0,3.0,South Atlantic,Affiliated Hospital,Yes,No,–,–,# of Positions Filled:,3,3,446.0,9,40,3.0,0.075,0.006726457399,0.11,0.17,0.22
/Program/GetById/293,HCA Healthcare Corpus Christi Medical Center - Bay Area Program,http://www.dermresidency.org,HCA Healthcare Corpus Christi Medical Center - Bay Area Program,804800145.0,Rick Lin,M,Alberto Najera,2.0,2.0,1.0,West South Central,Community Hospital,Yes,No,–,–,# of Positions Filled:,1,1,338.0,4.4,15,1.0,0.06666666667,0.002958579882,–,–,–
/Program/GetById/266,HCA Healthcare LewisGale Hospital-Montgomery/VCOM Program,https://lewisgale.com/locations/lewisgale-montgomery/graduate-medical-education/,HCA Healthcare LewisGale Hospital-Montgomery/VCOM Program,805100132.0,Chad Johnston,M,Donna Underwood,2.0,2.0,2.0,South Atlantic,Community Hospital,Yes,No,–,–,# of Positions Filled:,2,2,402.0,6.2,25,2.0,0.08,0.004975124378,–,–,–
/Program/GetById/216,HCA Medical City Healthcare UNT-TCU GME (Fort Worth) Program,–,HCA Medical City Healthcare UNT-TCU GME (Fort Worth) Program,804800144.0,Stephen Weis,M,Kavina Bhula,1.0,1.0,1.0,West South Central,Affiliated Hospital,Yes,No,–,–,# of Positions Filled:,1,1,361.0,5,18,1.0,0.05555555556,0.002770083102,–,–,–
/Program/GetById/177,HealthPartners Institute Program,http://healthpartnersdermatologyresidency.com/,HealthPartners Institute Program,802600050.0,Neal Foman,M,Gretchen Jackson,3.0,2.0,2.0,West North Central,Community Hospital,Yes,No,–,–,# of Positions Filled:,3,3,542.0,5.5,30,3.0,0.1,0.005535055351,0.36,0.36,0.18
/Program/GetById/166,Henry Ford Health/Henry Ford Hospital Program,http://www.henryford.com/body_program.cfm?id=49992,Henry Ford Health/Henry Ford Hospital Program,802512046.0,Holly Kerr,F,Monica Murphy,7.0,7.0,7.0,East North Central,Affiliated Hospital,Yes,No,–,–,# of Positions Filled:,7,7,673.0,12.2,82,7.0,0.08536585366,0.01040118871,0.43,0.26,0
/Program/GetById/176,HES/Lake Granbury Medical Center Program,–,HES/Lake Granbury Medical Center Program,804800001.0,Clay Cockerell,M,Aurea Baez-Martinez,0.0,0.0,0.0,West South Central,Affiliated Hospital,Yes,No,–,–,# of Positions Filled:,–,# of Positions Filled:,0.0,–,#VALUE!,,#VALUE!,#DIV/0!,–,–,–
/Program/GetById/178,HonorHealth Program,https://www.honorhealth.com/academic-affairs/dermatology-residency-program/residents,HonorHealth Program,800300148.0,Christopher Reardon,M,Maira Israel,2.0,2.0,2.0,Mountain,Community Hospital,Yes,No,–,–,# of Positions Filled:,2,2,455.0,6.6,30,2.0,0.06666666667,0.004395604396,0,0,0.1
/Program/GetById/181,Howard University Program,http://huhosp.org/Education/GME/Residency/Dermatology.htm,Howard University Program,801021025.0,Cheri Frey,F,Alonda Thompson,5.0,3.0,3.0,South Atlantic,University Hospital,Yes,No,–,–,# of Positions Filled:,3,3,535.0,9,48,3.0,0.0625,0.005607476636,0.16,0.16,0
/Program/GetById/210,Icahn School of Medicine at Mount Sinai Program,http://www.mountsinaidermatology.com,Icahn School of Medicine at Mount Sinai Program,803500127.0,Alexandra Golant,F,Diana Ramos,9.0,10.0,9.0,Middle Atlantic,University Hospital,Yes,No,–,–,# of Positions Filled:,9,9,594.0,0,0,9.0,#DIV/0!,0.01515151515,0.34,0.09,0
/Program/GetById/213,Indiana University School of Medicine Program,http://dermatology.medicine.iu.edu,Indiana University School of Medicine Program,801721035.0,Nidhi Avashia-Khemka,F,Kelli Cassidy,0.0,4.0,4.0,East North Central,Affiliated Hospital,Yes,No,–,2,2,2,2,627.0,7.2,45,4.0,0.08888888889,0.006379585327,0.78,0.17,0
/Program/GetById/215,Kaiser Permanente Southern California (Los Angeles) Program,https://residency-scal-kaiserpermanente.org/residency/dermatology/,Kaiser Permanente Southern California (Los Angeles) Program,800512144.0,Jeremy Man,M,Louis Arevalo,2.0,3.0,2.0,Pacific,Community Hospital,Yes,No,–,2,2,–,# of Positions Filled:,400.0,6.5,26,2.0,0.07692307692,0.005,0.4,0,0
/Program/GetById/219,Kansas City University GME Consortium (KCU-GME Consortium)/ADCS-Orlando Program,http://orlandodermresidency.com,Kansas City University GME Consortium (KCU-GME Consortium)/ADCS-Orlando Program,801100141.0,Jere Mammino,M,Kayla Alvarez,3.0,3.0,3.0,South Atlantic,Affiliated Hospital,Yes,No,–,–,# of Positions Filled:,3,3,427.0,7.7,33,3.0,0.09090909091,0.007025761124,0.13,0.27,0.33
/Program/GetById/198,Kansas City University GME Consortium (KCU-GME Consortium) Phoenix Program,https://omnidermatology.com/,Kansas City University GME Consortium (KCU-GME Consortium) Phoenix Program,800300146.0,Andrew Racette,M,Tiffany Muser,0.0,2.0,2.0,Mountain,Affiliated Hospital,–,No,–,–,# of Positions Filled:,–,# of Positions Filled:,0.0,–,#VALUE!,,#VALUE!,#DIV/0!,–,–,–
/Program/GetById/229,Larkin Community Hospital Palm Springs Campus Program,http://www.larkinhospital.com/,Larkin Community Hospital Palm Springs Campus Program,801100144.0,Brad Glick,M,Rita Mayorga,4.0,3.0,3.0,South Atlantic,Community Hospital,Yes,No,–,–,# of Positions Filled:,5,5,594.0,–,#VALUE!,5.0,#VALUE!,0.008417508418,0,0.07,0.21
/Program/GetById/233,Larkin Community Hospital Program,https://www.graduatemedicaleducation.org/,Larkin Community Hospital Program,801100143.0,Stanley Skopit,M,Lisandra Inastrilla,5.0,5.0,5.0,South Atlantic,Community Hospital,Yes,No,–,–,# of Positions Filled:,6,3,829.0,12.1,100,6.0,0.06,0.007237635706,0.08,0.08,0.13
/Program/GetById/238,Lehigh Valley Health Network Program,http://www.lvhn.org/research_and_education/residents/residency_programs/dermatology,Lehigh Valley Health Network Program,804100105.0,Cynthia Bartus,F,Michelle Brown,2.0,2.0,2.0,Middle Atlantic,Affiliated Hospital,Yes,No,–,–,# of Positions Filled:,2,2,480.0,4.2,20,2.0,0.1,0.004166666667,–,–,–
/Program/GetById/257,Loma Linda University Health Education Consortium Program,http://www.llu.edu/llumc/residency/train.htm,Loma Linda University Health Education Consortium Program,800521111.0,Janiene Luke,F,Cindi Morrill,3.0,3.0,3.0,Pacific,University Hospital,Yes,No,–,–,# of Positions Filled:,3,3,534.0,5.6,30,3.0,0.1,0.005617977528,0.47,0.2,0
/Program/GetById/276,Los Angeles County-Harbor-UCLA Medical Center Program,http://www.harbor-ucla.org/dermatology/,Los Angeles County-Harbor-UCLA Medical Center Program,800512137.0,Delphine Lee,F,Paige Kobayashi,2.0,2.0,2.0,Pacific,Affiliated Hospital,Yes,No,–,–,# of Positions Filled:,2,2,539.0,5.6,30,2.0,0.06666666667,0.003710575139,–,–,–
/Program/GetById/278,Louisiana State University School of Medicine Program,http://www.medschool.lsuhsc.edu/dermatology/,Louisiana State University School of Medicine Program,802121109.0,Deborah Hilton,F,Sherilyn Munoz,6.0,4.0,6.0,West South Central,Affiliated Hospital,Yes,No,–,–,# of Positions Filled:,5,5,570.0,5.3,30,5.0,0.1666666667,0.008771929825,0.61,0.14,0
/Program/GetById/252,Loyola University Medical Center Program,http://www.stritch.luc.edu/medicine/residency-dermatology,Loyola University Medical Center Program,801612135.0,Eden Lake,F,Kathy Kania,3.0,4.0,3.0,East North Central,University Hospital,Yes,No,–,–,# of Positions Filled:,4,4,659.0,5.5,36,4.0,0.1111111111,0.006069802731,0.59,0,0
/Program/GetById/199,Marshfield Clinic Program,http://www3.marshfieldclinic.org/residents/,Marshfield Clinic Program,805622131.0,Erik Stratman,M,Aimie Eckelberg,2.0,2.0,2.0,East North Central,Affiliated Hospital,Yes,No,–,–,# of Positions Filled:,2,2,403.0,7.4,30,2.0,0.06666666667,0.004962779156,–,–,–
/Program/GetById/173,Massachusetts General Hospital/Beth Israel Deaconess Medical Center/Brigham and Women's Hosp Program,http://www2.massgeneral.org/hmsdermatology/,Massachusetts General Hospital/Beth Israel Deaconess Medical Center/Brigham and Women's Hosp Program,802431043.0,Jennifer Huang,F,Diane Kovacev,8.0,8.0,10.0,New England,Affiliated Hospital,Yes,No,5,–,# of Positions Filled:,8,8,617.0,7.5,46,8.0,0.1739130435,0.01296596434,0.29,0.12,0
/Program/GetById/281,Mayo Clinic College of Medicine and Science (Jacksonville) Program,https://college.mayo.edu/academics/residencies-and-fellowships/dermatology-residency-florida/,Mayo Clinic College of Medicine and Science (Jacksonville) Program,801131125.0,Leila Tolaymat,F,Cindy Fairchild,2.0,2.0,2.0,South Atlantic,Other,Yes,No,–,2,2,–,# of Positions Filled:,579.0,4.5,26,2.0,0.07692307692,0.003454231434,0.3,0.1,0
/Program/GetById/294,Mayo Clinic College of Medicine and Science (Rochester) Program,https://college.mayo.edu/academics/residencies-and-fellowships/dermatology-residency-minnesota/,Mayo Clinic College of Medicine and Science (Rochester) Program,802621049.0,Carilyn Wieland,F,Julie Fohrman,8.0,8.0,8.0,West North Central,Other,Yes,No,–,2,2,6,6,666.0,10.4,69,8.0,0.115942029,0.01201201201,0.45,0.1,0
/Program/GetById/288,Mayo Clinic College of Medicine and Science (Scottsdale) Program,http://www.mayo.edu/msgme,Mayo Clinic College of Medicine and Science (Scottsdale) Program,800321127.0,David Swanson,M,Kristy Lux,2.0,2.0,2.0,Mountain,Other,Yes,No,–,2,2,–,# of Positions Filled:,590.0,4.2,25,2.0,0.08,0.003389830508,–,–,–
/Program/GetById/299,McGaw Medical Center of Northwestern University Program,http://www.feinberg.northwestern.edu/depts/dermatology/education/,McGaw Medical Center of Northwestern University Program,801621031.0,Maria Colavincenzo,F,Lisa Glatz,4.0,4.0,4.0,East North Central,University Hospital,Yes,No,5,–,# of Positions Filled:,6,6,689.0,10.9,75,6.0,0.08,0.008708272859,0.57,0.13,0
/Program/GetById/282,Medical College of Georgia Program,https://www.augusta.edu/mcg/dermatology/,Medical College of Georgia Program,801211029.0,Loretta Davis,F,Jennifer Foskey,3.0,3.0,3.0,South Atlantic,University Hospital,Yes,No,1,–,# of Positions Filled:,3,3,527.0,7.2,38,3.0,0.07894736842,0.00569259962,0.4,0.07,0
/Program/GetById/300,Medical College of Wisconsin Affiliated Hospitals Program,http://www.mcw.edu/derm,Medical College of Wisconsin Affiliated Hospitals Program,805621095.0,Karolyn Wanat,F,Jennifer Pluer,5.0,5.0,5.0,East North Central,University Hospital,Yes,No,–,–,# of Positions Filled:,5,5,628.0,8.6,54,5.0,0.09259259259,0.007961783439,0.35,0.12,0.04
/Program/GetById/305,Medical University of South Carolina Program,http://clinicaldepartments.musc.edu/dermatology,Medical University of South Carolina Program,804521099.0,Richard Marchell,M,Mark Lynch,4.0,5.0,5.0,South Atlantic,University Hospital,Yes,No,–,1,–,4,4,679.0,6.2,42,5.0,0.119047619,0.00736377025,0.83,0.17,0
/Program/GetById/214,MedStar Health/Washington Hospital Center Program,https://www.medstarhealth.org/education/affiliated-hospitals-2/medstar-washington-hospital-center/dermatology-residency/,MedStar Health/Washington Hospital Center Program,801021106.0,Min Deng,F,Naomi Simwenyi,2.0,3.0,1.0,South Atlantic,Affiliated Hospital,Yes,No,–,–,# of Positions Filled:,3,3,620.0,6.5,40,3.0,0.075,0.004838709677,0.5,0.08,0
/Program/GetById/304,Montefiore Medical Center/Albert Einstein College of Medicine Program,http://www.aecom.yu.edu,Montefiore Medical Center/Albert Einstein College of Medicine Program,803531058.0,Ranon Mann,M,Karen Grant,6.0,7.0,6.0,Middle Atlantic,University Hospital,Yes,No,–,–,# of Positions Filled:,7,7,652.0,9.2,60,7.0,0.1166666667,0.01073619632,0.34,0.13,0
/Program/GetById/279,National Capital Consortium Program,–,National Capital Consortium Program,801021123.0,Luke Bloomquist,M,Chaconia Agyenkwah,4.0,5.0,4.0,South Atlantic,Not Available,–,No,–,–,# of Positions Filled:,–,# of Positions Filled:,0.0,–,#VALUE!,,#VALUE!,#DIV/0!,–,–,–
/Program/GetById/262,Naval Medical Center (San Diego) Program,http://www-nmcsd.med.navy.mil/command/index.cfm,Naval Medical Center (San Diego) Program,800531006.0,Vikas Shrivastava,M,Neil Gibbs,3.0,2.0,2.0,Pacific,Not Available,–,No,–,–,# of Positions Filled:,–,# of Positions Filled:,0.0,–,#VALUE!,,#VALUE!,#DIV/0!,–,–,–
/Program/GetById/245,New York Medical College (Metropolitan) Program,http://www.nymc.edu/medical/medical.asp,New York Medical College (Metropolitan) Program,803521063.0,Marian Russo,F,Magali Cruz,4.0,3.0,3.0,Middle Atlantic,University Hospital,Yes,No,–,–,# of Positions Filled:,2,2,580.0,9.7,56,2.0,0.03571428571,0.003448275862,0.1,0.2,0
/Program/GetById/223,New York Presbyterian Hospital (Columbia Campus) Program,http://www.dermatology.columbia.edu,New York Presbyterian Hospital (Columbia Campus) Program,803521104.0,Stephanie Gallitano,F,Christine Lauren,3.0,5.0,4.0,Middle Atlantic,University Hospital,Yes,No,1,–,# of Positions Filled:,5,5,635.0,8,51,5.0,0.09803921569,0.007874015748,0.24,0.1,0
/Program/GetById/231,New York Presbyterian Hospital (Cornell Campus) Program,http://www.cornelldermatology.org/,New York Presbyterian Hospital (Cornell Campus) Program,803521062.0,Horatio Wildman,M,Mynaria Everett,5.0,4.0,4.0,Middle Atlantic,University Hospital,Yes,No,2,–,# of Positions Filled:,4,4,638.0,7.8,50,4.0,0.08,0.006269592476,0.57,0.19,0
/Program/GetById/253,NYU Grossman School of Medicine Program,http://www.med.nyu.edu/derm/index.html,NYU Grossman School of Medicine Program,803521064.0,Alexandra Flamm,F,Norma Elliott,8.0,8.0,9.0,Middle Atlantic,University Hospital,Yes,No,1,–,# of Positions Filled:,8,8,636.0,8.6,55,8.0,0.1454545455,0.01257861635,0.45,0.21,0
/Program/GetById/248,Ohio State University Hospital Program,https://medicine.osu.edu/departments/dermatology/education/residency,Ohio State University Hospital Program,803811072.0,Joy Mosser-Goldfarb,F,crisanne Hitler,0.0,4.0,3.0,East North Central,University Hospital,Yes,No,–,2,2,2,2,678.0,4.9,33,4.0,0.1212121212,0.005899705015,0.41,0.06,0
/Program/GetById/237,OhioHealth/Riverside Methodist Hospital Program,http://www.ohiohealth.com/education/medical-education-program/residencies-and-fellowships/dermatology-obleness-hospital/,OhioHealth/Riverside Methodist Hospital Program,803800144.0,Dawn Sammons,F,Rachel Roberts,2.0,2.0,2.0,East North Central,Affiliated Hospital,Yes,No,–,2,2,–,# of Positions Filled:,430.0,4.9,21,2.0,0.09523809524,0.004651162791,0.25,0.17,0.25
/Program/GetById/295,Oregon Health & Science University Program,http://www.ohsu.edu/dermatology,Oregon Health & Science University Program,804021075.0,Nicole Fett,F,Sarah Wilkinson,5.0,5.0,5.0,Pacific,University Hospital,Yes,No,–,–,# of Positions Filled:,5,5,675.0,7.1,48,5.0,0.1041666667,0.007407407407,0.44,0.16,0.08
/Program/GetById/170,Penn State Milton S Hershey Medical Center Program,https://residency.med.psu.edu/programs/dermatology-residency/,Penn State Milton S Hershey Medical Center Program,804121103.0,Brian Green,M,Kelly Friedman,7.0,1.0,4.0,Middle Atlantic,University Hospital,Yes,No,1,–,# of Positions Filled:,4,4,656.0,5.3,35,4.0,0.1142857143,0.006097560976,0.3,0.15,0.1
/Program/GetById/206,Philadelphia College of Osteopathic Medicine Program,http://www.dermatologynfhmc.wix.com/gaderm,Philadelphia College of Osteopathic Medicine Program,801200030.0,Marcus Goodman,M,sandy Ingram,2.0,2.0,2.0,South Atlantic,Affiliated Hospital,Yes,No,–,–,# of Positions Filled:,2,2,382.0,13.1,50,2.0,0.04,0.005235602094,–,–,–
/Program/GetById/186,Ponce Health Sciences University Program,http://www.phsu.edu,Ponce Health Sciences University Program,804200001.0,Nestor Sanchez Colon,M,Yeroika Echevarría,0.0,0.0,0.0,South Atlantic,Not Available,–,No,–,–,# of Positions Filled:,–,# of Positions Filled:,0.0,–,#VALUE!,,#VALUE!,#DIV/0!,–,–,–
/Program/GetById/235,Prime West Consortium/Newport Beach Program,https://westernderm.com,Prime West Consortium/Newport Beach Program,800500145.0,Navid Nami,M,Kristina Garcia,1.0,1.0,1.0,Pacific,Affiliated Hospital,Yes,No,–,–,# of Positions Filled:,1,1,133.0,9,12,1.0,0.08333333333,0.007518796992,–,–,–
/Program/GetById/239,Rush University Medical Center Program,https://www.rushu.rush.edu/rush-medical-college/departments/department-dermatology,Rush University Medical Center Program,801611032.0,David Reid,M,Lynn Thompson,3.0,2.0,2.0,East North Central,University Hospital,Yes,No,–,–,# of Positions Filled:,2,2,663.0,5.3,35,2.0,0.05714285714,0.003016591252,0.4,0.1,0
/Program/GetById/171,Rutgers Health/Robert Wood Johnson Medical School Program,http://rwjms.rutgers.edu/departments_institutes/dermatology/residency/index.html,Rutgers Health/Robert Wood Johnson Medical School Program,803331128.0,Cindy Wassef,F,Aida Cardona,2.0,2.0,2.0,Middle Atlantic,University Hospital,Yes,No,–,–,# of Positions Filled:,2,2,614.0,0,0,2.0,#DIV/0!,0.00325732899,0.1,0,0
/Program/GetById/184,Samaritan Health Services - Corvallis Program,http://www.silverfallsderm.net,Samaritan Health Services - Corvallis Program,804000076.0,Jacques Casparian,M,Zoia Martushev,2.0,3.0,2.0,Pacific,Community Hospital,Yes,No,–,–,# of Positions Filled:,2,2,409.0,4.9,20,2.0,0.1,0.00488997555,–,–,–
/Program/GetById/285,San Antonio Uniformed Services Health Education Consortium Program,https://bamc.tricare.mil/About-Us/SAUSHEC/Residency-Information/Dermatology,San Antonio Uniformed Services Health Education Consortium Program,804821121.0,Christopher Edens,M,Teresa Fite,6.0,4.0,6.0,West South Central,Not Available,–,No,–,–,# of Positions Filled:,–,# of Positions Filled:,0.0,–,#VALUE!,,#VALUE!,#DIV/0!,–,–,–
/Program/GetById/301,Sidney Kimmel Medical College at Thomas Jefferson University/TJUH Program,http://www.jefferson.edu/university/skmc/departments/dermatology.html,Sidney Kimmel Medical College at Thomas Jefferson University/TJUH Program,804111079.0,Matthew Keller,M,Doreen Barel,4.0,6.0,4.0,Middle Atlantic,University Hospital,Yes,No,–,–,# of Positions Filled:,4,4,665.0,4.8,32,4.0,0.125,0.006015037594,0.32,0.18,0
/Program/GetById/189,Southern Illinois University Program,https://www.siumed.edu/im/dermatology,Southern Illinois University Program,801621118.0,Adam Berry,M,Pamela Larson,3.0,3.0,3.0,East North Central,University Hospital,Yes,No,–,3,3,–,# of Positions Filled:,506.0,7.9,40,3.0,0.075,0.005928853755,0.4,0.07,0
/Program/GetById/269,St Barnabas Hospital Program,http://www.sbhny.org/healthcare-professionals/residency-programs/dermatology-residency-program/,St Barnabas Hospital Program,803500129.0,Cindy Hoffman,F,Tiffany Morris,1.0,1.0,1.0,Middle Atlantic,Community Hospital,Yes,Yes,–,–,# of Positions Filled:,1,1,308.0,0,0,1.0,#DIV/0!,0.003246753247,–,–,–
/Program/GetById/255,St John's Episcopal Hospital-South Shore Program,–,St John's Episcopal Hospital-South Shore Program,803500128.0,Suzanne Sirota Rozenberg,F,Amber Johnson,3.0,3.0,3.0,Middle Atlantic,Community Hospital,Yes,No,–,–,# of Positions Filled:,–,# of Positions Filled:,48.0,52.1,25,,0,0,–,–,–
/Program/GetById/201,St Louis University School of Medicine Program,https://www.slu.edu/medicine/dermatology/,St Louis University School of Medicine Program,802821116.0,Nicole Burkemper,F,Joey Weissmann,4.0,4.0,4.0,West North Central,University Hospital,Yes,No,–,–,# of Positions Filled:,6,5,616.0,6.5,40,6.0,0.15,0.00974025974,0.38,0.05,0.05
/Program/GetById/251,St Luke’s Hospital – Anderson Campus Program,http://gme.slhn.org,St Luke’s Hospital – Anderson Campus Program,804100107.0,Andrew Krakowski,M,Deanna Kuhn,2.0,2.0,2.0,Middle Atlantic,Affiliated Hospital,Yes,No,–,–,# of Positions Filled:,2,2,478.0,10.9,52,2.0,0.03846153846,0.004184100418,–,–,–
/Program/GetById/200,Still OPTI Program,http://www.nermc.com/dermatology-residency,Still OPTI Program,802800117.0,David Cleaver,M,Pamela Korff,2.0,2.0,2.0,West North Central,Affiliated Hospital,Yes,Yes,–,–,# of Positions Filled:,2,2,189.0,13.2,25,2.0,0.08,0.01058201058,–,–,–
/Program/GetById/286,Stony Brook Medicine/University Hospital Program,https://www.stonybrookmedicine.edu/patientcare/Dermatology,Stony Brook Medicine/University Hospital Program,803521113.0,Jordan Slutsky,M,Blair Bohnhorst,3.0,3.0,3.0,Middle Atlantic,University Hospital,Yes,No,–,–,# of Positions Filled:,3,3,605.0,10.9,66,3.0,0.04545454545,0.004958677686,0.67,0.2,0
/Program/GetById/228,SUNY Downstate Health Sciences University Program,http://www.downstate.edu,SUNY Downstate Health Sciences University Program,803521065.0,Sharon Glick,F,Nancy Mingoia,8.0,8.0,8.0,Middle Atlantic,University Hospital,Yes,No,–,–,# of Positions Filled:,8,8,648.0,6.9,45,8.0,0.1777777778,0.01234567901,0.4,0.1,0
/Program/GetById/207,Temple University Hospital Program,http://temple.edu/medicine/departments_centers/clinical_departments/dermatology.htm,Temple University Hospital Program,804100104.0,Sylvia Hsu,F,Emily Caldarelli,3.0,3.0,3.0,Middle Atlantic,University Hospital,Yes,No,1,–,# of Positions Filled:,3,3,667.0,4.5,30,3.0,0.1,0.004497751124,0.57,0.07,0
/Program/GetById/204,Texas A&M College of Medicine-Scott and White Medical Center (Temple) Program,https://www.bswhealth.med/education/Pages/gme/temple/dermatology-residency.aspx,Texas A&M College of Medicine-Scott and White Medical Center (Temple) Program,804821133.0,Palak Parekh,F,Lacey Pitt,4.0,3.0,4.0,West South Central,Affiliated Hospital,Yes,No,–,–,# of Positions Filled:,4,4,509.0,7.9,40,4.0,0.1,0.007858546169,0.5,0.25,0
/Program/GetById/280,Texas Tech University Health Sciences Center at Lubbock Program,http://www.ttuhsc.edu,Texas Tech University Health Sciences Center at Lubbock Program,804821105.0,Cloyce Stetson,M,Irma Garza,3.0,3.0,4.0,West South Central,University Hospital,Yes,No,1,–,# of Positions Filled:,3,3,488.0,6.1,30,3.0,0.1,0.006147540984,0.67,0.2,0.13
/Program/GetById/222,The MetroHealth System/Case Western Reserve University Program,https://gme.metrohealth.org/dermatology-residency,The MetroHealth System/Case Western Reserve University Program,803831143.0,Harry Winfield,M,Katherine DiSano,2.0,2.0,3.0,East North Central,Affiliated Hospital,Yes,No,–,–,# of Positions Filled:,3,3,629.0,7.6,48,3.0,0.0625,0.004769475358,0.54,0.08,0
/Program/GetById/263,Trinity Health Livingston Hospital Program,http://www.stjoeshealth.org/gme-dermatology,Trinity Health Livingston Hospital Program,802500143.0,Marsha Henderson,F,Lindsay Zasada,5.0,4.0,4.0,East North Central,Affiliated Hospital,Yes,No,–,–,# of Positions Filled:,4,4,407.0,4.9,20,4.0,0.2,0.009828009828,0,0.14,0.62
/Program/GetById/291,Tufts Medical Center Program,http://www.tuftsmedicalcenter.org/OurServices/Dermatology/default,Tufts Medical Center Program,802421141.0,Sarah Robinson,F,Theodore Sullivan,3.0,4.0,4.0,New England,University Hospital,Yes,No,–,–,# of Positions Filled:,4,4,720.0,5.8,42,4.0,0.09523809524,0.005555555556,0.38,0.19,0
/Program/GetById/232,Tulane University Program,http://tulane.edu/som/departments/dermatology,Tulane University Program,802121108.0,Andrea Murina,F,Elizabeth Duquesne,4.0,4.0,4.0,West South Central,University Hospital,Yes,No,–,–,# of Positions Filled:,4,4,650.0,8.5,55,4.0,0.07272727273,0.006153846154,0.45,0.1,0
/Program/GetById/302,UCLA David Geffen School of Medicine/UCLA Medical Center Program,http://www.derm.med.ucla.edu/,UCLA David Geffen School of Medicine/UCLA Medical Center Program,800521017.0,Marcia Hogeling,F,Jodi Friedman,5.0,5.0,5.0,Pacific,University Hospital,Yes,No,2,–,# of Positions Filled:,5,5,882.0,4.1,36,5.0,0.1388888889,0.00566893424,0.29,0.04,0
/Program/GetById/277,UMass Chan Medical School Program,http://umassmed.edu/dermatology,UMass Chan Medical School Program,802421114.0,Patrick Mulvaney,M,Esmeralda Valois,4.0,4.0,3.0,New England,University Hospital,Yes,No,–,–,# of Positions Filled:,4,4,648.0,0,0,4.0,#DIV/0!,0.006172839506,0.44,0.17,0
/Program/GetById/243,University of Alabama Medical Center Program,https://www.uab.edu/medicine/dermatology/,University of Alabama Medical Center Program,800121010.0,Lauren Kole,F,Ashley Foster,5.0,6.0,5.0,East South Central,University Hospital,Yes,No,–,–,# of Positions Filled:,7,7,591.0,6.8,40,7.0,0.175,0.01184433164,0.45,0.1,0
/Program/GetById/230,University of Arizona College of Medicine-Tucson Program,https://deptmedicine.arizona.edu/divisions/dermatology/,University of Arizona College of Medicine-Tucson Program,800321145.0,Jeffrey Krase,M,Sara Rojas,2.0,4.0,3.0,Mountain,Affiliated Hospital,Yes,No,–,–,# of Positions Filled:,4,4,631.0,5.7,36,4.0,0.1111111111,0.006339144216,0.5,0.13,0
/Program/GetById/267,University of Arkansas for Medical Sciences (UAMS) College of Medicine Program,http://www.uams.edu/dermatology,University of Arkansas for Medical Sciences (UAMS) College of Medicine Program,800421013.0,Thomas Jennings,M,Sharonda Smith,3.0,3.0,3.0,West South Central,University Hospital,Yes,No,–,3,3,–,# of Positions Filled:,409.0,9.5,39,3.0,0.07692307692,0.007334963325,0.33,0.07,0.07
/Program/GetById/192,University of California (Irvine) Program,http://www.dermatology.uci.edu,University of California (Irvine) Program,800521014.0,Bonnie Lee,F,Terena Wells,5.0,5.0,5.0,Pacific,University Hospital,Yes,No,2,–,# of Positions Filled:,5,5,589.0,6.8,40,5.0,0.125,0.008488964346,0.32,0.2,0
/Program/GetById/242,University of California (San Diego) Medical Center Program,http://dermatology.ucsd.edu/,University of California (San Diego) Medical Center Program,800521018.0,Taraneh Paravar,F,Erica Lupien,5.0,5.0,5.0,Pacific,University Hospital,Yes,No,8,–,# of Positions Filled:,5,5,615.0,6.8,42,5.0,0.119047619,0.008130081301,0.28,0.12,0
/Program/GetById/221,University of California Davis Health Program,http://www.ucdmc.ucdavis.edu/dermatology,University of California Davis Health Program,800521101.0,Barbara Burrall,F,Christina Roland,5.0,5.0,5.0,Pacific,University Hospital,Yes,No,–,–,# of Positions Filled:,5,5,595.0,7.6,45,5.0,0.1111111111,0.008403361345,0.44,0.12,0
/Program/GetById/265,University of Central Florida/HCA Florida Healthcare (Tallahassee) Program,–,University of Central Florida/HCA Florida Healthcare (Tallahassee) Program,801100001.0,Stephen Richardson,M,Meg Beerse,2.0,0.0,0.0,South Atlantic,Affiliated Hospital,Yes,No,–,–,# of Positions Filled:,2,2,188.0,21.3,40,2.0,0.05,0.01063829787,–,–,–
/Program/GetById/194,University of Chicago Program,http://medicine.uchicago.edu/derm/res_welcome.html,University of Chicago Program,801611033.0,Adena Rosenblatt,F,Nicole Teran,4.0,3.0,3.0,East North Central,University Hospital,Yes,No,–,–,# of Positions Filled:,3,3,720.0,6.3,45,3.0,0.06666666667,0.004166666667,0.25,0.13,0
/Program/GetById/260,University of Cincinnati Medical Center/College of Medicine Program,http://www.med.uc.edu/dermatology,University of Cincinnati Medical Center/College of Medicine Program,803821068.0,Alan Fleischer,M,Joan Griggs,3.0,3.0,4.0,East North Central,University Hospital,Yes,No,–,–,# of Positions Filled:,3,3,662.0,7.7,51,3.0,0.05882352941,0.004531722054,0.29,0.35,0.06
/Program/GetById/168,University of Colorado Program,http://medschool.ucdenver.edu/derm,University of Colorado Program,800721022.0,Cheryl Armstrong,F,Julie Clarke,6.0,6.0,6.0,Mountain,University Hospital,Yes,No,2,–,# of Positions Filled:,5,5,714.0,8.4,60,5.0,0.08333333333,0.00700280112,0.52,0.07,0
/Program/GetById/195,University of Connecticut Program,http://www.uchc.edu/md/derm/index.htm,University of Connecticut Program,800831138.0,Steven Sloan,M,Christina Iwanik,4.0,3.0,3.0,New England,University Hospital,Yes,No,–,–,# of Positions Filled:,4,4,634.0,7.9,50,4.0,0.08,0.006309148265,0.24,0.18,0
/Program/GetById/240,University of Florida Program,https://dermatology.med.ufl.edu/,University of Florida Program,801121115.0,Kiran Motaparthi,M,Megan McCann,4.0,4.0,4.0,South Atlantic,University Hospital,Yes,No,–,–,# of Positions Filled:,4,4,681.0,7.3,50,4.0,0.08,0.005873715125,0.4,0.15,0
/Program/GetById/196,University of Illinois College of Medicine at Chicago Program,http://www.uic.edu/depts/mcde,University of Illinois College of Medicine at Chicago Program,801621034.0,Michelle Bain,F,Barbara Balleza,4.0,4.0,4.0,East North Central,University Hospital,Yes,No,–,–,# of Positions Filled:,4,4,695.0,9.6,67,4.0,0.05970149254,0.005755395683,0.4,0.1,0
/Program/GetById/197,University of Iowa Hospitals and Clinics Program,https://medicine.uiowa.edu/dermatology/,University of Iowa Hospitals and Clinics Program,801821036.0,John Selby,M,Kathryn Scheer,5.0,5.0,5.0,West North Central,University Hospital,Yes,No,1,–,# of Positions Filled:,5,5,572.0,8.4,48,5.0,0.1041666667,0.008741258741,0.52,0.08,0
/Program/GetById/256,University of Kansas School of Medicine Program,http://www2.kumc.edu/kuderm/,University of Kansas School of Medicine Program,801911037.0,Ting Wang-Weinman,F,Allison Netson Nutter,5.0,5.0,5.0,West North Central,Affiliated Hospital,Yes,No,–,–,# of Positions Filled:,5,5,550.0,7.3,40,5.0,0.125,0.009090909091,0.54,0.12,0
/Program/GetById/193,University of Louisville School of Medicine Program,http://www.louisville.edu/medschool/dermatology,University of Louisville School of Medicine Program,802021038.0,Courtney Schadt,F,Laura Hollifield,2.0,2.0,2.0,East South Central,Affiliated Hospital,Yes,No,–,–,# of Positions Filled:,2,2,540.0,3.7,20,2.0,0.1,0.003703703704,0.8,0.2,0
/Program/GetById/225,University of Maryland Program,http://www.medschool.umaryland.edu/dermatology/,University of Maryland Program,802321041.0,Marcia Driscoll,F,James Evans,3.0,2.0,2.0,South Atlantic,University Hospital,Yes,No,–,–,# of Positions Filled:,2,2,644.0,3.9,25,2.0,0.08,0.003105590062,0.33,0.17,0
/Program/GetById/287,University of Miami/Jackson Health System Program,http://www.um-jmh.org/chapter.cfm?id=69,University of Miami/Jackson Health System Program,801121026.0,George Elgart,M,Vanessa Araya,8.0,8.0,7.0,South Atlantic,University Hospital,Yes,No,2,–,# of Positions Filled:,9,9,739.0,6.8,50,9.0,0.18,0.01217861976,0.35,0.16,0
/Program/GetById/224,University of Michigan Health System Program,http://www.medicine.umich.edu/dept/dermatology,University of Michigan Health System Program,802531045.0,Yolanda Helfrich,F,Kimberly Desbrough,7.0,9.0,7.0,East North Central,University Hospital,Yes,No,–,–,# of Positions Filled:,9,9,701.0,10.3,72,9.0,0.125,0.01283880171,0.41,0.1,0
/Program/GetById/226,University of Minnesota Program,http://www.dermatology.umn.edu,University of Minnesota Program,802631048.0,Ingrid Polcari,F,Joshua Hill,5.0,4.0,4.0,West North Central,University Hospital,Yes,No,1,–,# of Positions Filled:,4,4,629.0,6.4,40,4.0,0.1,0.006359300477,0.38,0.24,0.05
/Program/GetById/297,University of Mississippi School of Medicine Program,http://www.umc.edu/education/schools/medicine/clinical_science/dermatology/dermatology.aspx,University of Mississippi School of Medicine Program,802700001.0,Nancye McCowan,F,Haidee Montgomery,3.0,5.0,4.0,East South Central,University Hospital,Yes,No,–,–,# of Positions Filled:,4,4,475.0,7.8,37,4.0,0.1081081081,0.008421052632,0.56,0.28,0
/Program/GetById/271,University of Missouri-Columbia Program,http://derm.muhealth.org,University of Missouri-Columbia Program,802821050.0,Kari Martin,F,Ali Matheney,4.0,3.0,3.0,West North Central,University Hospital,Yes,No,1,–,# of Positions Filled:,3,3,515.0,7.8,40,3.0,0.075,0.005825242718,0.75,0.06,0
/Program/GetById/174,University of Nebraska Medical Center College of Medicine Program,https://www.unmc.edu/dermatology/,University of Nebraska Medical Center College of Medicine Program,803000001.0,Jennifer Adams,F,Jaida Carley,3.0,3.0,3.0,West North Central,University Hospital,Yes,No,–,–,# of Positions Filled:,3,3,509.0,8.4,43,3.0,0.06976744186,0.005893909627,0.25,0.25,0
/Program/GetById/306,University of New Mexico School of Medicine Program,http://dermatology.unm.edu/,University of New Mexico School of Medicine Program,803400055.0,Emily Altman,F,Kathy Freise,3.0,3.0,3.0,Mountain,University Hospital,Yes,No,–,–,# of Positions Filled:,3,3,565.0,12.7,72,3.0,0.04166666667,0.005309734513,0.15,0.15,0.08
/Program/GetById/169,University of North Carolina Hospitals Program,http://www.med.unc.edu/dermatology,University of North Carolina Hospitals Program,803611066.0,Carolyn Ziemer,F,Cherie Norton,5.0,5.0,4.0,South Atlantic,University Hospital,Yes,No,2,–,# of Positions Filled:,6,6,717.0,5.7,41,6.0,0.1463414634,0.008368200837,0.43,0.14,0
/Program/GetById/190,University of Oklahoma Health Sciences Center Program,https://medicine.ouhsc.edu/Academic-Departments/Dermatology,University of Oklahoma Health Sciences Center Program,803921074.0,Pamela Allen,F,Renee Wall,4.0,4.0,2.0,West South Central,University Hospital,Yes,No,–,–,# of Positions Filled:,4,4,503.0,7.8,39,4.0,0.1025641026,0.007952286282,0.47,0.18,0.06
/Program/GetById/183,University of Pennsylvania Health System Program,https://dermatology.upenn.edu/residents/residency-tracks/,University of Pennsylvania Health System Program,804121080.0,Misha Rosenbach,M,Barbara Lang,8.0,6.0,6.0,Middle Atlantic,University Hospital,Yes,No,3,–,# of Positions Filled:,7,7,655.0,10.1,66,7.0,0.1060606061,0.0106870229,0.42,0.24,0
/Program/GetById/202,University of Puerto Rico Program,http://medweb.rcm.upr.edu/gme/residency.html,University of Puerto Rico Program,804221082.0,Rafael Martin,M,areli carrasquillo,2.0,2.0,3.0,South Atlantic,University Hospital,Yes,No,–,–,# of Positions Filled:,3,3,178.0,6.7,12,3.0,0.25,0.01685393258,0.57,0.07,0
/Program/GetById/5455,University of Rochester Program,http://www.urmc.rochester.edu/derm/residency/index.html,University of Rochester Program,803521102.0,Mary Gail Mercurio,F,Natasha Garcia,5.0,5.0,4.0,Middle Atlantic,University Hospital,Yes,No,2,–,# of Positions Filled:,5,5,607.0,4.9,30,5.0,0.1666666667,0.00823723229,0.35,0.13,0
/Program/GetById/284,University of South Florida Morsani Program,https://health.usf.edu/medicine/dermatology/residency,University of South Florida Morsani Program,801121096.0,Basil Cherpelis,M,Ashley Sanford,4.0,4.0,4.0,South Atlantic,University Hospital,Yes,No,–,–,# of Positions Filled:,4,4,642.0,5.8,37,4.0,0.1081081081,0.006230529595,0.55,0.2,0
/Program/GetById/298,University of Southern California/LAC+USC Medical Center Program,https://keck.usc.edu/dermatology/,University of Southern California/LAC+USC Medical Center Program,800511015.0,Ashley Crew,F,Brenda Cornejo,4.0,4.0,4.0,Pacific,Affiliated Hospital,Yes,No,–,–,# of Positions Filled:,4,4,591.0,7.4,44,4.0,0.09090909091,0.006768189509,0.65,0.25,0
/Program/GetById/283,University of Tennessee Program,http://www.uthsc.edu/dermatology/,University of Tennessee Program,804721084.0,Allison Jones,F,Erica Franklin,4.0,4.0,4.0,East South Central,University Hospital,Yes,No,–,–,# of Positions Filled:,4,4,552.0,9.1,50,4.0,0.08,0.007246376812,0.61,0.17,0
/Program/GetById/5457,University of Texas at Austin Dell Medical School Program,https://dellmed.utexas.edu/education/academics/graduate-medical-education/dermatology-residency,University of Texas at Austin Dell Medical School Program,804812140.0,Ammar Ahmed,M,Rachel Heap,4.0,4.0,4.0,West South Central,University Hospital,Yes,No,–,–,# of Positions Filled:,4,4,674.0,5.3,36,4.0,0.1111111111,0.005934718101,0.25,0.3,0
/Program/GetById/167,University of Texas Health Science Center San Antonio Joe and Teresa Lozano Long School of Medicine Program,http://dermatology.uthscsa.edu,University of Texas Health Science Center San Antonio Joe and Teresa Lozano Long School of Medicine Program,804822088.0,Sandra Osswald,F,Shannon Lovelace,3.0,3.0,3.0,West South Central,University Hospital,Yes,No,–,–,# of Positions Filled:,3,3,550.0,4.4,24,3.0,0.125,0.005454545455,0.71,0.36,0
/Program/GetById/272,University of Texas Medical Branch Hospitals Program,http://www.utmb.edu/dermatology,University of Texas Medical Branch Hospitals Program,804811086.0,Richard Wagner,M,LaNette Patton,6.0,5.0,5.0,West South Central,University Hospital,Yes,No,–,–,# of Positions Filled:,6,6,530.0,5.7,30,6.0,0.2,0.01132075472,0.5,0.21,0
/Program/GetById/234,University of Texas Southwestern Medical Center Program,http://www.utsouthwestern.edu,University of Texas Southwestern Medical Center Program,804821085.0,Travis Vandergriff,M,Rhoda Bryant,9.0,8.0,7.0,West South Central,University Hospital,Yes,No,6,–,# of Positions Filled:,8,8,632.0,12.5,79,8.0,0.1012658228,0.01265822785,0.72,0.05,0
/Program/GetById/191,University of Utah Health Program,http://medicine.utah.edu/dermatology/index.htm,University of Utah Health Program,804921112.0,Christopher Hull,M,Anna Williams,4.0,4.0,3.0,Mountain,University Hospital,Yes,No,1,1,1,3,3,796.0,5.2,41,4.0,0.09756097561,0.005025125628,0.48,0.19,0
/Program/GetById/296,University of Vermont Medical Center Program,http://med.uvm.edu/medicine/dermatology/home,University of Vermont Medical Center Program,805013129.0,Joseph Pierson,M,Mandy Blair,3.0,2.0,2.0,New England,University Hospital,Yes,No,–,–,# of Positions Filled:,2,2,543.0,3.7,20,2.0,0.1,0.003683241252,–,–,–
/Program/GetById/5456,University of Virginia Medical Center Program,http://www.medicine.virginia.edu/clinical/departments/dermatology,University of Virginia Medical Center Program,805111089.0,Richard Flowers,M,Brenda Harris,4.0,3.0,3.0,South Atlantic,University Hospital,Yes,No,–,–,# of Positions Filled:,3,3,688.0,3.6,25,3.0,0.12,0.004360465116,0.44,0.13,0
/Program/GetById/172,University of Washington Program,http://depts.washington.edu/dermatol/,University of Washington Program,805431091.0,Markus Boos,M,Stephanie Timm,4.0,5.0,4.0,Pacific,University Hospital,Yes,No,–,–,# of Positions Filled:,5,5,715.0,5.3,38,5.0,0.1315789474,0.006993006993,0.5,0.14,0.05
/Program/GetById/268,University of Wisconsin Hospitals and Clinics Program,http://www.dermatology.wisc.edu,University of Wisconsin Hospitals and Clinics Program,805621093.0,William Aughenbaugh,M,Jennifer Hanser,5.0,5.0,3.0,East North Central,University Hospital,Yes,No,–,–,# of Positions Filled:,5,5,612.0,8.2,50,5.0,0.1,0.008169934641,0.57,0.09,0
/Program/GetById/292,Vanderbilt University Medical Center Program,https://medsites.vumc.org/departmentofdermatology/residency-program,Vanderbilt University Medical Center Program,804721098.0,Anna Dewan,F,Kristina Maynard,5.0,5.0,5.0,East South Central,University Hospital,Yes,No,1,–,# of Positions Filled:,5,5,694.0,7.8,54,5.0,0.09259259259,0.007204610951,0.4,0.24,0
/Program/GetById/247,Virginia Commonwealth University Health System Program,https://dermatology.vcu.edu/education/residency/,Virginia Commonwealth University Health System Program,805121090.0,Kimberly Salkey,F,Talon Lewis,2.0,2.0,2.0,South Atlantic,University Hospital,Yes,No,–,–,# of Positions Filled:,2,2,605.0,6,36,2.0,0.05555555556,0.003305785124,0.4,0.2,0
/Program/GetById/246,Wayne State University School of Medicine Program,–,Wayne State University School of Medicine Program,802513139.0,Steven Daveluy,M,Emma Reaves,4.0,4.0,4.0,East North Central,Affiliated Hospital,Yes,No,1,–,# of Positions Filled:,4,4,579.0,7.4,43,4.0,0.09302325581,0.006908462867,0.4,0.05,0
,,–,,,,,,,,,,,,,,,,,,,,0,,#DIV/0!,#DIV/0!,,,
